<?xml version="1.0" encoding="UTF-8"?>
<!DOCTYPE mapper PUBLIC "-//mybatis.org//DTD Mapper 3.0//EN"
        "http://mybatis.org/dtd/mybatis-3-mapper.dtd">
<mapper namespace="kr.sem.java.sql.RmSqlMap">


	<!-- 아이디 찾기 -->
	<!-- <select id="idCheck" resultType="semVO" parameterType="semVO"> select 
		S_ID from SEMTABLE where S_NAME = #{s_name} AND S_PHONE = #{s_phone} </select> -->

	<select id="userIdCheck" parameterType="String" resultType="int">
		select count(*) from SEMTABLE where s_id =
		#{sid}
	</select>

	<select id="idCheck" resultType="semVO" parameterType="semVO">
		select
		S_ID from SEMTABLE where S_NAME = #{s_name} AND S_PHONE = #{s_phone}
	</select>

	<!-- 비밀번호 찾기 -->
	<select id="pwCheck" resultType="semVO" parameterType="semVO">
		select
		S_PASS from SEMTABLE where S_NAME = #{s_name} AND S_ID = #{s_id} AND
		S_PHONE = #{s_phone}
	</select>
	<update id="passUpdate" parameterType="semVO">
		update SEMTABLE set S_PASS
		= #{s_pass} where S_NAME = #{s_name} AND S_ID = #{s_id} AND S_PHONE =
		#{s_phone}
	</update>


	<select id="read" resultType="kr.sem.java.vo.semVO">
		select * from SEMTABLE where s_no =
		#{sno}
	</select>
	<!-- 유저 채번 -->
	<select id="userCommNO" resultType="java.lang.Integer">
		SELECT
		IFNULL(MAX(SUBSTR(S_NO,10,3)),0)+1 AS MAXNO FROM SEMTABLE WHERE
		SUBSTR(S_NO,2,8) = DATE_FORMAT(SYSDATE(),'%Y%m%d')
	</select>
	<!-- 사업자 채번 -->
	<select id="masterCommNO" resultType="java.lang.Integer">
		SELECT
		IFNULL(MAX(SUBSTR(S_NO,10,3)),0)+1 AS MAXNO FROM SEMTABLE WHERE
		SUBSTR(S_NO,2,8) = DATE_FORMAT(SYSDATE(),'%Y%m%d')
	</select>

	<delete id="RmreallyDelete" parameterType="java.lang.String">
		DELETE FROM SEMTABLE
		WHERE S_NO = #{s_no}
	</delete>

	<!-- 관리자 사업자전체조회 -->
	<select id="RmselectAllBoard" parameterType="java.lang.String"
		resultType="semVO">
		SELECT
		S_NO,
		S_POST,
		S_NAME,
		S_INSERTDATE,
		S_AUTHORITY
		FROM
		SEMTABLE
		WHERE
		S_AUTHORITY = 'M'
	</select>
	<!-- 관리자 유저전체조회 -->
	<select id="RuselectAllBoard" parameterType="java.lang.String"
		resultType="semVO">
		SELECT
		S_NO,
		S_POST,
		S_NAME,
		S_INSERTDATE,
		S_AUTHORITY
		FROM
		SEMTABLE
		WHERE
		S_AUTHORITY = 'U'
	</select>

	<!-- 관리자 사업자, 사용자 삭제조회 -->
	<select id="RmDeleteCheckBoard" parameterType="java.lang.String"
		resultType="semVO">
		SELECT
		S_NO,
		S_POST,
		S_NAME,
		S_DELETEDATE,
		S_AUTHORITY
		FROM
		SEMTABLE
		WHERE
		S_AUTHORITY = 'N'
	</select>

	<!-- 관리자 사업자 상세조회 -->
	<select id="RmselectOneBoard" parameterType="java.lang.String"
		resultType="semVO">
		SELECT
		S_NO,
		S_ID,
		S_PASS,
		S_POST,
		S_ADDR1,
		S_ADDR2,
		S_GENDER,
		S_BIRTH,
		S_NAME,
		S_EMAIL,
		S_PHONE,
		S_STOREPHONE,
		S_INSERTDATE,
		S_AUTHORITY
		FROM SEMTABLE
		WHERE
		S_NO = #{sno}
		AND
		S_AUTHORITY = 'M'
	</select>
	<!-- 관리자 유저상세조회 -->
	<select id="RuselectOneBoard" parameterType="java.lang.String"
		resultType="semVO">
		SELECT
		S_NO,
		S_ID,
		S_PASS,
		S_POST,
		S_ADDR1,
		S_ADDR2,
		S_GENDER,
		S_BIRTH,
		S_NAME,
		S_EMAIL,
		S_PHONE,
		S_STOREPHONE,
		S_INSERTDATE,
		S_AUTHORITY
		FROM SEMTABLE
		WHERE
		S_NO = #{sno}
		AND
		S_AUTHORITY = 'U'
	</select>
	<!-- 관리자 삭제여부상세조회 -->
	<select id="RmDeleteCheckOneBoard"
		parameterType="java.lang.String" resultType="semVO">
		SELECT
		S_NO,
		S_ID,
		S_PASS,
		S_POST,
		S_ADDR1,
		S_ADDR2,
		S_GENDER,
		S_BIRTH,
		S_NAME,
		S_EMAIL,
		S_PHONE,
		S_STOREPHONE,
		S_DELETEDATE,
		S_AUTHORITY
		FROM SEMTABLE
		WHERE
		S_NO = #{sno}
		AND
		S_AUTHORITY = 'N'
	</select>
	<!-- 관리자 회원정보 수정 -->
	<update id="updateBoard" parameterType="semVO">
		UPDATE SEMTABLE
		SET
		S_ID =
		#{s_id},
		S_BIRTH = #{s_birth},
		S_PHONE = #{s_phone},
		S_STOREPHONE =
		#{s_storephone},
		S_POST = #{s_post},
		S_ADDR1 = #{s_addr1},
		S_ADDR2 =
		#{s_addr2},
		S_EMAIL = #{s_email}
		WHERE
		S_NO = #{s_no}
	</update>
	<update id="uupdateBoard" parameterType="semVO">
		UPDATE SEMTABLE
		SET
		S_ID =
		#{s_id},
		S_BIRTH = #{s_birth},
		S_PHONE = #{s_phone},
		S_POST = #{s_post},
		S_ADDR1 = #{s_addr1},
		S_ADDR2 = #{s_addr2},
		S_EMAIL = #{s_email}
		WHERE
		S_NO = #{s_no}
	</update>
	<!-- 유저 회원가입 -->
	<insert id="userInsert" parameterType="semVO">
		INSERT INTO SEMTABLE
		(
		S_NO,
		S_NAME,
		S_ID,
		S_PASS,
		S_BIRTH,
		S_PHONE,
		S_GENDER,
		S_POST,
		S_ADDR1,
		S_ADDR2,
		S_EMAIL,
		S_INSERTDATE,
		S_AUTHORITY
		)
		VALUES
		(
		#{s_no},
		#{s_name},
		#{s_id},
		#{s_pass},
		#{s_birth},
		#{s_phone},
		#{s_gender},
		#{s_post},
		#{s_addr1},
		#{s_addr2},
		#{s_email},
		SYSDATE(),
		'U'
		);
	</insert>

	<!-- 사업자 회원가입 -->
	<insert id="masterInsert" parameterType="semVO">
		INSERT INTO SEMTABLE
		(
		S_NO, <!-- 채번 -->
		S_ID, <!-- 아이디 -->
		S_PASS, <!-- 비밀번호 -->
		S_POST, <!-- 지번 -->
		S_ADDR1, <!-- 주소1 -->
		S_ADDR2, <!-- 주소2 -->
		S_GENDER, <!-- 성별 -->
		S_BIRTH, <!-- 생년월일 -->
		S_NAME, <!-- 이름 -->
		S_EMAIL, <!-- 이메일 -->
		S_STOREPHONE, <!-- 가게 전화번호 -->
		S_PHONE, <!-- 전화번호 -->
		S_MORGFNMAE, <!-- 이미지 원본 이름 -->
		S_MREFNAME, <!-- 변경된 이미지 이름 -->
		S_MFPATH,  <!-- 경로 -->
		S_IMAGE, <!-- 나도 몰라 -->
		S_INSERTDATE, <!-- 회원가입 시간 -->
		S_AUTHORITY <!-- 권한 -->
		)
		VALUES
		(
		#{s_no},
		#{s_id},
		#{s_pass},
		#{s_post},
		#{s_addr1},
		#{s_addr2},
		#{s_gender},
		#{s_birth},
		#{s_name},
		#{s_email},
		#{s_storephone},
		#{s_phone},
		#{s_morgfnmae},
		#{s_mrefname},
		#{s_mfpath},
		#{s_image},
		SYSDATE(),
		'M'
		);
	</insert>

	<!-- 유저 삭제 -->
	<update id="RmDelete" parameterType="java.lang.String">
		UPDATE SEMTABLE
		SET
		S_AUTHORITY = 'N'
		WHERE S_NO=#{sno}
	</update>

	<!-- 로그인 select퀴리 -->
	<select id="loginselect" resultType="semVO">
		SELECT
		S_NO,
		S_ID,
		S_PASS,
		S_NAME,
		S_AUTHORITY
		FROM SEMTABLE
		WHERE S_ID = #{s_id}
	</select>
	<!-- 사업자 정보 관리 -->
	<select id="MasterMmOneList" parameterType="java.lang.String"
		resultType="semVO">
		SELECT
		S_NO,
		S_ID,
		S_PASS,
		S_POST,
		S_ADDR1,
		S_ADDR2,
		S_GENDER,
		S_BIRTH,
		S_NAME,
		S_EMAIL,
		S_STOREPHONE,
		S_PHONE,
		S_MORGFNMAE,
		S_MREFNAME,
		S_MFPATH,
		S_IMAGE,
		S_INSERTDATE,
		S_DELETEDATE,
		S_AUTHORITY
		FROM SEMTABLE
		WHERE
		S_NO = #{sno}
		AND
		S_AUTHORITY = 'M'
	</select>

	<!-- 마이페이지 유저상세조회 -->
	<select id="uselectOneBoard" parameterType="java.lang.String"
		resultType="semVO">
		SELECT
		S_NO,
		S_ID,
		S_PASS,
		S_POST,
		S_ADDR1,
		S_ADDR2,
		S_GENDER,
		S_BIRTH,
		S_NAME,
		S_EMAIL,
		S_PHONE,
		S_STOREPHONE,
		S_INSERTDATE,
		S_AUTHORITY
		FROM SEMTABLE
		WHERE
		S_NO = #{sno}
		AND
		S_AUTHORITY = 'U'
	</select>
	<!-- ============================마스터 관리 퀴리 =================================== -->
	<update id="MasterTime" parameterType="kr.sem.java.vo.semmenuVO">
		UPDATE SEMMENUTABLE
		SET
		S_TIME = #{s_time},
		S_INSERTTIME = CURTIME()
		WHERE S_MNO = #{s_mno}
	</update>

	<update id="MasterTable"
		parameterType="kr.sem.java.vo.semmenuVO">
		UPDATE SEMMENUTABLE
		SET
		S_SEAT = #{s_seat}
		WHERE S_MNO =
		#{s_mno}
	</update>

	<insert id="menuInsert" parameterType="kr.sem.java.vo.semmenuVO">
        <![CDATA[
        INSERT INTO SEMMENUTABLE (
        	S_MNO,
            S_PATH,
            S_MNAME,
            S_MPRICE,
            S_ORGFNAME,
            S_REFNAME,
            S_IMAGEPATH
        )
        VALUES (
        	#{s_mno},
            #{s_path},
            #{s_mname},
            #{s_mprice},
            #{s_orgfname},
            #{s_refname},
            #{s_imagepath}
        );
        ]]>
	</insert>

	<select id="MasterMs_List" parameterType="java.lang.String"
		resultType="kr.sem.java.vo.semmenuVO">
		SELECT
		S_MNO,
		S_SNO,
		S_PATH,
		S_WAITING,
		S_TIME,
		S_SEAT,
		S_MNAME,
		S_MPRICE,
		S_ORGFNAME,
		S_REFNAME,
		S_IMAGEPATH
		FROM SEMMENUTABLE
		WHERE S_MNO
		= #{s_mno}
	</select>

	<!-- 메뉴 삭제 -->
	<delete id="menudelete" parameterType="java.lang.String">
		DELETE FROM SEMMENUTABLE
		WHERE S_SNO = #{s_no}
	</delete>
	
	<delete id="menuRmDelete" parameterType="java.lang.String">
      DELETE FROM SEMMENUTABLE
      WHERE S_MNO = #{sno}
    </delete>

   <select id="MasterMain_list" parameterType="kr.sem.java.vo.RmSearchCondition"
      resultType="kr.sem.java.vo.semmenuVO">
      SELECT S_SNO, S_MNO, S_REFNAME, S_MNAME, S_INSERTTIME FROM SEMMENUTABLE
      WHERE S_SNO IN (SELECT MIN(S_SNO) FROM SEMMENUTABLE GROUP BY S_MNO )
      <include refid="searchCondition" />
      ORDER BY S_SNO DESC
      LIMIT ${offset} , #{pageSize}
   </select>

	<select id="MasterMain2_list" parameterType="java.lang.String"
		resultType="kr.sem.java.vo.semmenuVO">
		SELECT
		S_MNO,
		S_SNO,
		S_PATH,
		S_WAITING,
		S_TIME,
		S_SEAT,
		S_MNAME,
		S_MPRICE,
		S_ORGFNAME,
		S_REFNAME,
		S_IMAGEPATH,
		S_INSERTTIME
		FROM SEMMENUTABLE
		WHERE
		S_MNO =
		#{s_mno}
		ORDER BY S_SNO ASC;

	</select>

	<!-- /////////////////////////////////메인화면 검색기능////////////////////////////// -->

	<select id="selectAllMaster" resultType="semVO"
		parameterType="kr.sem.java.vo.RmSearchCondition">

		SELECT
		S_NO,
		S_ID,
		S_PASS,
		S_POST,
		S_ADDR1,
		S_ADDR2,
		S_GENDER,
		S_BIRTH,
		S_NAME,
		S_EMAIL,
		S_PHONE,
		S_STOREPHONE,
		S_INSERTDATE,
		S_AUTHORITY
		FROM
		SEMTABLE
		WHERE
		S_AUTHORITY = 'M'
		<include refid="searchCondition" />
		ORDER BY S_NO DESC
		LIMIT ${offset} , #{pageSize}

	</select>

	<select id="getPageCnt" resultType="java.lang.Integer"
		parameterType="RmSearchCondition">
		SELECT COUNT(*)
		FROM SEMMENUTABLE
		WHERE S_SNO IN (SELECT MIN(S_SNO) FROM SEMMENUTABLE GROUP BY S_MNO )
		<include refid="searchCondition" />
	</select>
	<sql id="searchCondition">
		<choose>
			<when test="option =='s_mname'">
				AND S_MNAME LIKE CONCAT('%',#{keyword}, '%')
			</when>
			<when test="option =='s_addr1'">
				AND S_ADDR1 LIKE CONCAT('%',#{keyword}, '%')
			</when>
			<otherwise>

			</otherwise>
		</choose>
	</sql>

	<!-- /////////////////////////////////메뉴 업데이트/////////////////////////////////////// -->

	<select id="MeselectOneList" parameterType="java.lang.String"
		resultType="kr.sem.java.vo.semmenuVO">
		SELECT
		S_MNO,
		S_SNO,
		S_PATH,
		S_WAITING,
		S_TIME,
		S_SEAT,
		S_MNAME,
		S_MPRICE,
		S_ORGFNAME,
		S_REFNAME,
		S_IMAGEPATH,
		S_INSERTTIME
		FROM SEMMENUTABLE
		WHERE S_SNO
		= #{s_sno}
	</select>

	<update id="menuupdatesOk"
		parameterType="kr.sem.java.vo.semmenuVO">
		UPDATE SEMMENUTABLE
		SET
		S_PATH = #{s_path},
		S_WAITING =
		#{s_waiting},
		S_MNAME = #{s_mname},
		S_MPRICE = #{s_mprice},
		S_ORGFNAME =
		#{s_orgfname},
		S_REFNAME = #{s_refname},
		S_IMAGEPATH = #{s_imagepath}
		WHERE
		S_SNO = #{s_sno}
	</update>

	<!-- //////////////////////////////////////////////////////////////////////// -->
</mapper>